AREA,AREA_TITLE,AREA_TYPE,PRIM_STATE,NAICS,NAICS_TITLE,I_GROUP,OWN_CODE,OCC_CODE,OCC_TITLE,O_GROUP,TOT_EMP,EMP_PRSE,JOBS_1000,LOC_QUOTIENT,PCT_TOTAL,PCT_RPT,H_MEAN,A_MEAN,MEAN_PRSE,H_PCT10,H_PCT25,H_MEDIAN,H_PCT75,H_PCT90,A_PCT10,A_PCT25,A_MEDIAN,A_PCT75,A_PCT90,ANNUAL,HOURLY
14020,"Bloomington, IN",4,IN,0,Cross-industry,cross-industry,1235,00-0000,All Occupations,total,73020,0,1000,1,,,27.54,57280,0.5,13.04,16.05,22.05,31.35,47.92,27130,33370,45870,65200,99670,,
14020,"Bloomington, IN",4,IN,0,Cross-industry,cross-industry,1235,11-0000,Management Occupations,major,3710,1.5,50.852,0.74,,,59.25,123250,1.1,23.65,34.16,49.73,76.37,102.57,49190,71050,103430,158860,213340,,
14020,"Bloomington, IN",4,IN,0,Cross-industry,cross-industry,1235,11-1011,Chief Executives,detailed,60,3.6,0.767,0.55,,,99.94,207870,3.5,52.45,65.94,81.79,105.57,#,109100,137160,170120,219580,#,,
14020,"Bloomington, IN",4,IN,0,Cross-industry,cross-industry,1235,11-1021,General and Operations Managers,detailed,1120,3.4,15.375,0.67,,,62.3,129590,2.3,21.19,30.76,47.55,79.78,#,44080,63980,98900,165940,#,,
14020,"Bloomington, IN",4,IN,0,Cross-industry,cross-industry,1235,11-2021,Marketing Managers,detailed,70,11,0.963,0.4,,,74.6,155160,5.5,32.52,47.09,67.53,86.08,#,67630,97950,140470,179040,#,,
14020,"Bloomington, IN",4,IN,0,Cross-industry,cross-industry,1235,11-2022,Sales Managers,detailed,160,8.4,2.191,0.58,,,65.34,135910,3,25.09,36.04,61.71,79.43,108.03,52180,74960,128360,165220,224700,,
14020,"Bloomington, IN",4,IN,0,Cross-industry,cross-industry,1235,11-3012,Administrative Services Managers,detailed,180,5.2,2.435,1.52,,,51.78,107710,1.2,23.51,33.39,48.05,62.17,79.96,48890,69440,99930,129320,166320,,
14020,"Bloomington, IN",4,IN,0,Cross-industry,cross-industry,1235,11-3013,Facilities Managers,detailed,70,9.9,0.993,1.15,,,55.09,114590,4.2,21.99,36.41,51.19,76.26,80.02,45740,75740,106470,158610,166440,,
14020,"Bloomington, IN",4,IN,0,Cross-industry,cross-industry,1235,11-3021,Computer and Information Systems Managers,detailed,160,5.9,2.193,0.56,,,71.09,147870,2.7,41.43,56.53,73.47,81.45,101.26,86180,117570,152820,169410,210630,,
14020,"Bloomington, IN",4,IN,0,Cross-industry,cross-industry,1235,11-3031,Financial Managers,detailed,260,2.9,3.569,0.69,,,61.68,128300,1.8,30.44,36.89,60,76.59,96.15,63300,76730,124800,159310,199990,,
14020,"Bloomington, IN",4,IN,0,Cross-industry,cross-industry,1235,11-3051,Industrial Production Managers,detailed,210,3.7,2.91,1.98,,,59.73,124230,1.2,43.82,44.63,61.18,71.55,73.19,91140,92820,127250,148820,152240,,
14020,"Bloomington, IN",4,IN,0,Cross-industry,cross-industry,1235,11-3071,"Transportation, Storage, and Distribution Managers",detailed,50,13.1,0.627,0.48,,,49.8,103580,1.8,27.05,37.84,47.63,58.52,64.37,56260,78700,99070,121720,133890,,
14020,"Bloomington, IN",4,IN,0,Cross-industry,cross-industry,1235,11-3121,Human Resources Managers,detailed,50,10.2,0.681,0.52,,,66.58,138480,1.7,36.37,45.32,63.31,77.51,107.65,75650,94260,131670,161210,223920,,
14020,"Bloomington, IN",4,IN,0,Cross-industry,cross-industry,1235,11-9021,Construction Managers,detailed,140,5.2,1.867,0.86,,,48.26,100370,2.2,30,34.36,41.76,62.77,73.56,62400,71480,86860,130570,153010,,
14020,"Bloomington, IN",4,IN,0,Cross-industry,cross-industry,1235,11-9032,"Education Administrators, Kindergarten through Secondary",detailed,110,5.2,1.522,0.76,,,*,90370,1.2,*,*,*,*,*,48140,76140,84980,103280,127630,True,
14020,"Bloomington, IN",4,IN,0,Cross-industry,cross-industry,1235,11-9041,Architectural and Engineering Managers,detailed,110,7.1,1.48,1.08,,,66.43,138180,2.7,37.25,53.66,63.44,80.23,86.65,77490,111610,131960,166880,180240,,
14020,"Bloomington, IN",4,IN,0,Cross-industry,cross-industry,1235,11-9051,Food Service Managers,detailed,120,10.6,1.697,1.05,,,31.36,65220,2.5,21.26,22.95,28.89,37.09,43.74,44220,47740,60100,77160,90980,,
14020,"Bloomington, IN",4,IN,0,Cross-industry,cross-industry,1235,11-9111,Medical and Health Services Managers,detailed,230,2.5,3.179,0.94,,,50.35,104720,1.6,27.52,36.16,46.34,58.56,76.14,57250,75210,96390,121800,158360,,
14020,"Bloomington, IN",4,IN,0,Cross-industry,cross-industry,1235,11-9141,"Property, Real Estate, and Community Association Managers",detailed,150,6.5,2.024,1.08,,,33.34,69340,3.7,18.56,21.38,27.37,33,52.78,38610,44470,56930,68640,109780,,
14020,"Bloomington, IN",4,IN,0,Cross-industry,cross-industry,1235,11-9151,Social and Community Service Managers,detailed,50,8.8,0.675,0.59,,,34.65,72060,3.6,21.9,28.33,31.45,38.93,50.51,45540,58920,65420,80980,105060,,
14020,"Bloomington, IN",4,IN,0,Cross-industry,cross-industry,1235,11-9199,"Managers, All Other",detailed,70,5.9,0.935,0.24,,,63.33,131730,2.6,21.28,40.64,73.79,73.91,101.67,44260,84530,153480,153740,211460,,
14020,"Bloomington, IN",4,IN,0,Cross-industry,cross-industry,1235,13-0000,Business and Financial Operations Occupations,major,3640,1.1,49.816,0.75,,,35.91,74700,0.6,20.37,24.1,31.25,42.97,54.45,42370,50120,65000,89370,113250,,
14020,"Bloomington, IN",4,IN,0,Cross-industry,cross-industry,1235,13-1020,Buyers and Purchasing Agents,detailed,210,5.1,2.916,0.93,,,34.57,71910,2.4,21.53,24.02,32.57,39.66,50.01,44780,49960,67740,82480,104030,,
14020,"Bloomington, IN",4,IN,0,Cross-industry,cross-industry,1235,13-1031,"Claims Adjusters, Examiners, and Investigators",detailed,50,10.4,0.735,0.38,,,*,*,*,*,*,*,*,*,*,*,*,*,*,,
14020,"Bloomington, IN",4,IN,0,Cross-industry,cross-industry,1235,13-1041,Compliance Officers,detailed,160,2.8,2.239,0.89,,,39.34,81830,1,22.43,30.07,39.01,50.25,55.9,46640,62540,81150,104520,116260,,
14020,"Bloomington, IN",4,IN,0,Cross-industry,cross-industry,1235,13-1051,Cost Estimators,detailed,70,7.3,0.93,0.64,,,33.94,70590,3.1,17.5,22.75,31.53,43.18,58.73,36400,47320,65580,89810,122150,,
14020,"Bloomington, IN",4,IN,0,Cross-industry,cross-industry,1235,13-1071,Human Resources Specialists,detailed,350,3.3,4.79,0.81,,,31.61,65750,1.3,20.14,23.53,29.79,38.68,48.73,41880,48940,61960,80450,101360,,
14020,"Bloomington, IN",4,IN,0,Cross-industry,cross-industry,1235,13-1081,Logisticians,detailed,60,6.1,0.846,0.56,,,36.88,76710,1.7,25.74,28.6,34.48,42.94,58.21,53540,59480,71710,89310,121090,,
14020,"Bloomington, IN",4,IN,0,Cross-industry,cross-industry,1235,13-1082,Project Management Specialists,detailed,290,2.9,4.006,0.64,,,41.12,85540,1.3,20.65,29.75,37.4,51.68,66.16,42940,61880,77790,107490,137620,,
14020,"Bloomington, IN",4,IN,0,Cross-industry,cross-industry,1235,13-1111,Management Analysts,detailed,140,18,1.939,0.35,,,45.15,93920,2.9,24.69,32.08,37.79,59.16,64.76,51360,66720,78590,123050,134690,,
14020,"Bloomington, IN",4,IN,0,Cross-industry,cross-industry,1235,13-1121,"Meeting, Convention, and Event Planners",detailed,60,10.9,0.837,1.04,,,24.46,50880,5.7,17.71,19.78,21.65,28.71,36.67,36830,41140,45040,59720,76260,,
14020,"Bloomington, IN",4,IN,0,Cross-industry,cross-industry,1235,13-1131,Fundraisers,detailed,140,9.7,1.935,2.89,,,33.24,69130,1.6,20.42,23.95,28.95,39.96,47.95,42470,49820,60220,83110,99740,,
14020,"Bloomington, IN",4,IN,0,Cross-industry,cross-industry,1235,13-1141,"Compensation, Benefits, and Job Analysis Specialists",detailed,40,9.4,0.486,0.74,,,33.03,68700,4.6,18.85,24.89,30.52,37.52,52.86,39200,51760,63490,78030,109940,,
14020,"Bloomington, IN",4,IN,0,Cross-industry,cross-industry,1235,13-1151,Training and Development Specialists,detailed,220,7,2.991,1.13,,,34.16,71050,2.3,15.95,22.49,35.19,41.85,52.87,33170,46790,73200,87040,109960,,
14020,"Bloomington, IN",4,IN,0,Cross-industry,cross-industry,1235,13-1161,Market Research Analysts and Marketing Specialists,detailed,340,3.3,4.636,0.83,,,35.15,73100,1.4,16.72,22.34,30.23,44.82,66.73,34780,46460,62880,93230,138790,,
14020,"Bloomington, IN",4,IN,0,Cross-industry,cross-industry,1235,13-1199,"Business Operations Specialists, All Other",detailed,430,1.4,5.882,0.81,,,33.76,70220,1.2,23.57,23.57,30.74,39.15,48.52,49020,49020,63940,81440,100920,,
14020,"Bloomington, IN",4,IN,0,Cross-industry,cross-industry,1235,13-2011,Accountants and Auditors,detailed,460,4,6.285,0.66,,,36.95,76850,1.1,22.15,28.28,34.37,44.83,51.19,46060,58830,71490,93240,106470,,
14020,"Bloomington, IN",4,IN,0,Cross-industry,cross-industry,1235,13-2020,Property Appraisers and Assessors,detailed,290,1.6,3.98,9.73,,,33.4,69480,1.1,23.46,28.16,29.62,38.47,48.34,48790,58570,61610,80020,100560,,
14020,"Bloomington, IN",4,IN,0,Cross-industry,cross-industry,1235,13-2051,Financial and Investment Analysts,detailed,80,2.8,1.164,0.54,,,40.33,83890,0.9,30.97,30.97,38.83,48.7,49.7,64410,64410,80760,101290,103370,,
14020,"Bloomington, IN",4,IN,0,Cross-industry,cross-industry,1235,13-2052,Personal Financial Advisors,detailed,50,10.8,0.73,0.41,,,47.22,98220,7.1,21.85,22.83,35.43,63.24,83.41,45450,47480,73700,131540,173480,,
14020,"Bloomington, IN",4,IN,0,Cross-industry,cross-industry,1235,13-2072,Loan Officers,detailed,70,7.2,0.926,0.44,,,45.4,94430,8.8,21.45,24.28,35.17,51.22,90.77,44620,50510,73160,106530,188800,,
14020,"Bloomington, IN",4,IN,0,Cross-industry,cross-industry,1235,15-0000,Computer and Mathematical Occupations,major,2370,2.1,32.438,0.95,,,39.5,82150,1.2,23.75,30.66,38.62,48.86,59.03,49390,63780,80330,101620,122790,,
14020,"Bloomington, IN",4,IN,0,Cross-industry,cross-industry,1235,15-1211,Computer Systems Analysts,detailed,200,12.7,2.766,0.84,,,46.95,97660,2.1,28.35,36.35,48.04,52.5,73.1,58970,75600,99920,109200,152040,,
14020,"Bloomington, IN",4,IN,0,Cross-industry,cross-industry,1235,15-1231,Computer Network Support Specialists,detailed,90,5.6,1.3,1.24,,,28.62,59520,1.6,20.24,22.04,26.22,35.78,36.49,42100,45850,54540,74420,75890,,
14020,"Bloomington, IN",4,IN,0,Cross-industry,cross-industry,1235,15-1232,Computer User Support Specialists,detailed,520,4.7,7.186,1.58,,,29.53,61410,1.7,19.05,24.63,26.5,31.48,48.17,39630,51230,55120,65480,100190,,
14020,"Bloomington, IN",4,IN,0,Cross-industry,cross-industry,1235,15-1241,Computer Network Architects,detailed,60,12.6,0.883,0.77,,,52.71,109640,4.3,33.02,38.15,53.08,66.44,72.62,68680,79350,110400,138180,151040,,
14020,"Bloomington, IN",4,IN,0,Cross-industry,cross-industry,1235,15-1242,Database Administrators,detailed,110,1.9,1.468,2.93,,,44.72,93010,1.3,31.64,39.28,40.75,50.4,63.73,65820,81700,84760,104830,132550,,
14020,"Bloomington, IN",4,IN,0,Cross-industry,cross-industry,1235,15-1244,Network and Computer Systems Administrators,detailed,100,7.7,1.352,0.64,,,44.55,92670,9.4,24.71,30.8,38.46,47.72,61.21,51390,64070,80000,99250,127310,,
14020,"Bloomington, IN",4,IN,0,Cross-industry,cross-industry,1235,15-1251,Computer Programmers,detailed,350,6,4.841,6.11,,,40.07,83340,1.4,30.66,30.66,38.62,49.51,49.51,63780,63780,80330,102980,102980,,
14020,"Bloomington, IN",4,IN,0,Cross-industry,cross-industry,1235,15-1252,Software Developers,detailed,210,9.4,2.912,0.27,,,51.08,106240,2.2,32.47,38.44,48.77,60.24,71.61,67530,79950,101440,125300,148950,,
14020,"Bloomington, IN",4,IN,0,Cross-industry,cross-industry,1235,15-1299,"Computer Occupations, All Other",detailed,40,17.7,0.481,0.17,,,37.11,77190,13.2,22.24,23.05,30.02,48.02,60.19,46250,47950,62450,99880,125190,,
14020,"Bloomington, IN",4,IN,0,Cross-industry,cross-industry,1235,15-2051,Data Scientists,detailed,50,14,0.67,0.53,,,40.82,84910,9.2,21.84,27.12,38.93,50.62,71.19,45430,56400,80980,105300,148080,,
14020,"Bloomington, IN",4,IN,0,Cross-industry,cross-industry,1235,17-0000,Architecture and Engineering Occupations,major,1530,3.3,21.009,1.26,,,38.63,80350,1.6,23.12,29.52,37.15,46.68,58.1,48080,61400,77280,97100,120860,,
14020,"Bloomington, IN",4,IN,0,Cross-industry,cross-industry,1235,17-1022,Surveyors,detailed,50,13,0.633,1.89,,,39.94,83080,2.8,29.51,30.53,37.69,46.32,54.27,61380,63510,78390,96340,112880,,
14020,"Bloomington, IN",4,IN,0,Cross-industry,cross-industry,1235,17-2051,Civil Engineers,detailed,100,9,1.349,0.62,,,43.79,91090,5.3,29.5,31.01,40.37,48.55,60.37,61350,64500,83970,100990,125570,,
14020,"Bloomington, IN",4,IN,0,Cross-industry,cross-industry,1235,17-2071,Electrical Engineers,detailed,120,19.6,1.59,1.3,,,53.32,110900,8.5,36.01,38.49,52.23,66.54,66.54,74890,80070,108650,138410,138410,,
14020,"Bloomington, IN",4,IN,0,Cross-industry,cross-industry,1235,17-2112,Industrial Engineers,detailed,380,6.5,5.199,2.37,,,38.53,80130,1.2,24.86,29.87,37.15,46.3,59.08,51700,62120,77280,96300,122880,,
14020,"Bloomington, IN",4,IN,0,Cross-industry,cross-industry,1235,17-2141,Mechanical Engineers,detailed,130,16.2,1.747,0.94,,,41.13,85550,2.3,29.06,34.95,39.3,44.78,55.13,60430,72690,81740,93150,114670,,
14020,"Bloomington, IN",4,IN,0,Cross-industry,cross-industry,1235,17-2199,"Engineers, All Other",detailed,40,17.4,0.541,0.54,,,50.38,104780,6,33,43.96,46.77,50.24,64.15,68640,91450,97290,104510,133420,,
14020,"Bloomington, IN",4,IN,0,Cross-industry,cross-industry,1235,17-3011,Architectural and Civil Drafters,detailed,50,10.2,0.685,0.94,,,24.72,51410,1.7,18.72,22.02,22.07,28.94,29.61,38950,45800,45910,60200,61590,,
14020,"Bloomington, IN",4,IN,0,Cross-industry,cross-industry,1235,17-3013,Mechanical Drafters,detailed,40,20.7,0.481,1.63,,,30.16,62720,4.8,20.31,25.36,27.49,38.35,39.49,42250,52750,57180,79770,82140,,
14020,"Bloomington, IN",4,IN,0,Cross-industry,cross-industry,1235,17-3022,Civil Engineering Technologists and Technicians,detailed,30,21,0.444,1.06,,,21.36,44430,2.7,17.89,17.89,21.04,22.57,29.47,37200,37200,43760,46940,61290,,
14020,"Bloomington, IN",4,IN,0,Cross-industry,cross-industry,1235,17-3023,Electrical and Electronic Engineering Technologists and Technicians,detailed,30,20,0.419,0.65,,,34.62,72020,11.8,20.77,23.14,31.7,41.87,52.48,43200,48130,65940,87080,109160,,
14020,"Bloomington, IN",4,IN,0,Cross-industry,cross-industry,1235,17-3026,Industrial Engineering Technologists and Technicians,detailed,150,5.7,2.073,4.31,,,29,60310,0.9,18.96,25.25,29.13,36.35,36.48,39440,52510,60580,75610,75880,,
14020,"Bloomington, IN",4,IN,0,Cross-industry,cross-industry,1235,19-0000,"Life, Physical, and Social Science Occupations",major,1360,1.3,18.666,2.04,,,34.72,72220,1,22.16,24.56,30.47,39.04,53,46090,51090,63390,81210,110240,,
14020,"Bloomington, IN",4,IN,0,Cross-industry,cross-industry,1235,19-1021,Biochemists and Biophysicists,detailed,30,11.9,0.449,2.06,,,30.62,63680,9.8,23.41,23.41,23.41,31.21,52.48,48700,48700,48700,64920,109160,,
14020,"Bloomington, IN",4,IN,0,Cross-industry,cross-industry,1235,19-1042,"Medical Scientists, Except Epidemiologists",detailed,70,6.9,0.941,1.05,,,54.67,113720,4.6,38.33,48.02,48.19,59.43,73.98,79730,99890,100240,123620,153880,,
14020,"Bloomington, IN",4,IN,0,Cross-industry,cross-industry,1235,19-2031,Chemists,detailed,210,4.5,2.847,5.18,,,37.98,79010,2.1,23.46,29.89,36.19,49.86,58.08,48800,62170,75270,103720,120800,,
14020,"Bloomington, IN",4,IN,0,Cross-industry,cross-industry,1235,19-3033,Clinical and Counseling Psychologists,detailed,50,12.3,0.734,1.55,,,41.77,86890,9.3,24.18,30.29,37.91,46.27,61.66,50300,62990,78840,96240,128260,,
14020,"Bloomington, IN",4,IN,0,Cross-industry,cross-industry,1235,19-4031,Chemical Technicians,detailed,70,5,0.963,2.62,,,25.37,52770,2.3,18.22,22.9,22.98,30.98,30.98,37890,47630,47800,64430,64430,,
14020,"Bloomington, IN",4,IN,0,Cross-industry,cross-industry,1235,19-5011,Occupational Health and Safety Specialists,detailed,50,14.6,0.634,0.79,,,39.29,81720,2.2,23.99,34.53,35.12,49.13,59.79,49900,71820,73060,102190,124350,,
14020,"Bloomington, IN",4,IN,0,Cross-industry,cross-industry,1235,19-5012,Occupational Health and Safety Technicians,detailed,40,32.4,0.512,2.85,,,27.43,57060,6,21,24.06,25.64,28.15,39.86,43680,50050,53320,58550,82910,,
14020,"Bloomington, IN",4,IN,0,Cross-industry,cross-industry,1235,21-0000,Community and Social Service Occupations,major,1770,2.1,24.245,1.52,,,25.9,53870,1.2,16.94,20.55,22.96,29.29,36.28,35240,42740,47760,60920,75470,,
14020,"Bloomington, IN",4,IN,0,Cross-industry,cross-industry,1235,21-1012,"Educational, Guidance, and Career Counselors and Advisors",detailed,170,2.2,2.288,1.06,,,35.31,73450,1.4,22.1,29.29,34.6,36.46,47.55,45960,60920,71970,75840,98900,,
14020,"Bloomington, IN",4,IN,0,Cross-industry,cross-industry,1235,21-1015,Rehabilitation Counselors,detailed,70,6.1,0.956,1.71,,,20.46,42570,1.8,18.16,18.16,18.16,22,28.38,37770,37770,37770,45760,59030,,
14020,"Bloomington, IN",4,IN,0,Cross-industry,cross-industry,1235,21-1018,"Substance Abuse, Behavioral Disorder, and Mental Health Counselors",detailed,800,2,10.933,4.17,,,26.6,55330,1.7,20.47,22.45,22.53,28.48,36.28,42580,46690,46860,59240,75470,,
14020,"Bloomington, IN",4,IN,0,Cross-industry,cross-industry,1235,21-1021,"Child, Family, and School Social Workers",detailed,110,5.4,1.505,0.65,,,24.57,51100,1.2,17.86,22.71,23.59,26.82,32.44,37160,47240,49060,55790,67480,,
14020,"Bloomington, IN",4,IN,0,Cross-industry,cross-industry,1235,21-1022,Healthcare Social Workers,detailed,80,13.8,1.068,0.88,,,28.58,59450,2.1,19.47,23.42,28.41,36.21,36.85,40510,48720,59100,75330,76650,,
14020,"Bloomington, IN",4,IN,0,Cross-industry,cross-industry,1235,21-1023,Mental Health and Substance Abuse Social Workers,detailed,40,13.1,0.556,0.74,,,25.48,53000,11,14.83,19.12,23.92,28.89,37.67,30850,39760,49760,60100,78360,,
14020,"Bloomington, IN",4,IN,0,Cross-industry,cross-industry,1235,21-1091,Health Education Specialists,detailed,40,14.5,0.508,1.33,,,25.24,52500,6.2,15.26,16.96,22.89,32.17,39.34,31740,35270,47600,66910,81820,,
14020,"Bloomington, IN",4,IN,0,Cross-industry,cross-industry,1235,21-1092,Probation Officers and Correctional Treatment Specialists,detailed,70,6.4,0.96,1.7,,,32.44,67480,1.2,23.28,25.9,31.14,39.53,39.53,48420,53870,64770,82220,82220,,
14020,"Bloomington, IN",4,IN,0,Cross-industry,cross-industry,1235,21-1093,Social and Human Service Assistants,detailed,290,6.7,3.904,1.45,,,18.63,38740,1.5,14.17,15.87,17.35,21.28,24.56,29470,33000,36080,44260,51090,,
14020,"Bloomington, IN",4,IN,0,Cross-industry,cross-industry,1235,23-0000,Legal Occupations,major,420,2.9,5.809,0.71,,,50.68,105410,3.1,18.28,23.46,40.79,64.24,99.91,38030,48800,84830,133630,207810,,
14020,"Bloomington, IN",4,IN,0,Cross-industry,cross-industry,1235,23-1011,Lawyers,detailed,240,4.5,3.34,0.69,,,67.3,139990,2.7,33.8,45.19,60.45,80.43,109.1,70300,93990,125730,167290,226940,,
14020,"Bloomington, IN",4,IN,0,Cross-industry,cross-industry,1235,23-2011,Paralegals and Legal Assistants,detailed,140,14.9,1.887,0.81,,,24.12,50170,2.6,17.37,18.29,22.78,27.05,37.09,36120,38040,47390,56260,77150,,
14020,"Bloomington, IN",4,IN,0,Cross-industry,cross-industry,1235,25-0000,Educational Instruction and Library Occupations,major,6060,0.8,82.95,1.44,,,36.2,75300,0.6,14.16,21.33,30.27,47.26,63.8,29450,44370,62960,98310,132710,,
14020,"Bloomington, IN",4,IN,0,Cross-industry,cross-industry,1235,25-1011,"Business Teachers, Postsecondary",detailed,500,0.2,6.846,12.53,,,*,122370,1.2,*,*,*,*,*,50510,81620,101210,169880,213830,True,
14020,"Bloomington, IN",4,IN,0,Cross-industry,cross-industry,1235,25-1022,"Mathematical Science Teachers, Postsecondary",detailed,120,0.4,1.604,5.05,,,*,98960,1.5,*,*,*,*,*,50410,63690,80710,131400,161580,True,
14020,"Bloomington, IN",4,IN,0,Cross-industry,cross-industry,1235,25-1071,"Health Specialties Teachers, Postsecondary",detailed,150,0.3,1.999,1.35,,,*,127340,2.1,*,*,*,*,*,62960,62960,102650,166610,#,True,
14020,"Bloomington, IN",4,IN,0,Cross-industry,cross-industry,1235,25-1194,"Career/Technical Education Teachers, Postsecondary",detailed,40,6.6,0.594,0.81,,,25.23,52480,1.6,11.52,15.1,24.88,36.28,36.28,23960,31400,51750,75450,75450,,
14020,"Bloomington, IN",4,IN,0,Cross-industry,cross-industry,1235,25-1199,"Postsecondary Teachers, All Other",detailed,60,0.9,0.771,0.7,,,*,89440,1.3,*,*,*,*,*,40530,66640,78460,100550,130530,True,
14020,"Bloomington, IN",4,IN,0,Cross-industry,cross-industry,1235,25-2011,"Preschool Teachers, Except Special Education",detailed,150,6.1,2.035,0.72,,,16.42,34150,1.8,13.39,14.06,15.21,17.73,21.21,27850,29250,31630,36880,44130,,
14020,"Bloomington, IN",4,IN,0,Cross-industry,cross-industry,1235,25-2021,"Elementary School Teachers, Except Special Education",detailed,520,7.1,7.058,0.76,,,*,56440,1.8,*,*,*,*,*,41220,45870,50100,62270,75610,True,
14020,"Bloomington, IN",4,IN,0,Cross-industry,cross-industry,1235,25-2022,"Middle School Teachers, Except Special and Career/Technical Education",detailed,210,16.4,2.94,0.71,,,*,57390,1.4,*,*,*,*,*,46200,47220,56170,64230,77100,True,
14020,"Bloomington, IN",4,IN,0,Cross-industry,cross-industry,1235,25-2031,"Secondary School Teachers, Except Special and Career/Technical Education",detailed,360,13.1,4.937,0.72,,,*,60560,2.1,*,*,*,*,*,44280,47090,58880,71020,80890,True,
14020,"Bloomington, IN",4,IN,0,Cross-industry,cross-industry,1235,25-3021,Self-Enrichment Teachers,detailed,80,16.5,1.113,0.62,,,17.42,36240,3.2,10.36,13.19,16.25,20.4,28.16,21550,27430,33790,42430,58580,,
14020,"Bloomington, IN",4,IN,0,Cross-industry,cross-industry,1235,25-3031,"Substitute Teachers, Short-Term",detailed,190,14.8,2.555,0.87,,,21.27,44230,4.9,11.76,13.74,17.4,30.21,36.58,24460,28580,36190,62840,76080,,
14020,"Bloomington, IN",4,IN,0,Cross-industry,cross-industry,1235,25-3041,Tutors,detailed,210,2.1,2.884,2.7,,,19.83,41240,2.4,9.15,12.69,22.88,29.42,29.42,19040,26400,47590,61200,61200,,
14020,"Bloomington, IN",4,IN,0,Cross-industry,cross-industry,1235,25-3099,"Teachers and Instructors, All Other",detailed,60,12.4,0.807,1.04,,,*,41140,3.3,*,*,*,*,*,27550,28340,39110,47370,57540,True,
14020,"Bloomington, IN",4,IN,0,Cross-industry,cross-industry,1235,25-4022,Librarians and Media Collections Specialists,detailed,160,7.3,2.234,2.54,,,31.04,64570,2.7,20.36,23.89,29.9,37.85,37.85,42340,49690,62200,78720,78720,,
14020,"Bloomington, IN",4,IN,0,Cross-industry,cross-industry,1235,25-4031,Library Technicians,detailed,60,32.7,0.809,1.6,,,17.34,36070,5.9,14.47,17.07,18.06,18.06,18.69,30090,35510,37570,37570,38880,,
14020,"Bloomington, IN",4,IN,0,Cross-industry,cross-industry,1235,25-9031,Instructional Coordinators,detailed,30,22,0.467,0.34,,,30.96,64390,2.9,18.01,23.19,30.14,37.11,42.68,37460,48230,62700,77180,88770,,
14020,"Bloomington, IN",4,IN,0,Cross-industry,cross-industry,1235,25-9045,"Teaching Assistants, Except Postsecondary",detailed,510,4,7.019,0.8,,,*,29640,1.8,*,*,*,*,*,21960,26750,28740,31040,35800,True,
14020,"Bloomington, IN",4,IN,0,Cross-industry,cross-industry,1235,27-0000,"Arts, Design, Entertainment, Sports, and Media Occupations",major,1320,2.3,18.107,1.31,,,29.56,61490,1.2,14.25,18.51,24.43,33.85,46.29,29650,38500,50810,70400,96290,,
14020,"Bloomington, IN",4,IN,0,Cross-industry,cross-industry,1235,27-1024,Graphic Designers,detailed,60,6.3,0.879,0.63,,,23.98,49870,1.9,15.42,18.61,23.35,26.92,35.25,32070,38710,48570,55990,73330,,
14020,"Bloomington, IN",4,IN,0,Cross-industry,cross-industry,1235,27-1026,Merchandise Displayers and Window Trimmers,detailed,60,6.3,0.87,0.75,,,18.26,37990,2.2,14.56,14.62,16.2,18.51,24,30290,30420,33700,38500,49920,,
14020,"Bloomington, IN",4,IN,0,Cross-industry,cross-industry,1235,27-2022,Coaches and Scouts,detailed,290,4.9,3.928,2.5,,,*,73720,3.3,*,*,*,*,*,22560,29070,48420,98550,199700,True,
14020,"Bloomington, IN",4,IN,0,Cross-industry,cross-industry,1235,27-3011,Broadcast Announcers and Radio Disc Jockeys,detailed,350,0.4,4.821,29.2,,,33.05,68750,1.6,23.61,29.72,29.72,37.46,46.29,49110,61810,61810,77910,96290,,
14020,"Bloomington, IN",4,IN,0,Cross-industry,cross-industry,1235,27-3031,Public Relations Specialists,detailed,100,8.3,1.302,0.72,,,27.45,57090,2.9,16.36,19.58,24.45,29.91,46.94,34030,40720,50850,62220,97630,,
14020,"Bloomington, IN",4,IN,0,Cross-industry,cross-industry,1235,27-3043,Writers and Authors,detailed,40,4.9,0.481,1.48,,,28.91,60140,3.8,18.3,22.99,24.37,28.89,56.45,38060,47810,50700,60100,117420,,
14020,"Bloomington, IN",4,IN,0,Cross-industry,cross-industry,1235,27-3092,Court Reporters and Simultaneous Captioners,detailed,40,7.3,0.566,6.93,,,23.53,48940,2.4,18.89,23.07,23.07,23.07,28.98,39280,47980,47980,47980,60280,,
14020,"Bloomington, IN",4,IN,0,Cross-industry,cross-industry,1235,27-4012,Broadcast Technicians,detailed,30,13.8,0.472,2.74,,,20.2,42010,3.4,13.5,17.86,17.86,23.04,24.36,28080,37140,37140,47910,50670,,
14020,"Bloomington, IN",4,IN,0,Cross-industry,cross-industry,1235,29-0000,Healthcare Practitioners and Technical Occupations,major,4470,0.9,61.27,1,,,45,93610,1.8,18,24.95,35.54,47.43,74.74,37450,51900,73930,98650,155450,,
14020,"Bloomington, IN",4,IN,0,Cross-industry,cross-industry,1235,29-1021,"Dentists, General",detailed,50,19.7,0.678,0.85,,,90.82,188910,6.3,48.63,57.96,65.32,#,#,101150,120550,135870,#,#,,
14020,"Bloomington, IN",4,IN,0,Cross-industry,cross-industry,1235,29-1031,Dietitians and Nutritionists,detailed,30,11.1,0.448,0.92,,,28.94,60200,2.7,18.17,23.2,29.02,35.49,43.64,37780,48250,60360,73810,90770,,
14020,"Bloomington, IN",4,IN,0,Cross-industry,cross-industry,1235,29-1051,Pharmacists,detailed,180,12.8,2.402,1.1,,,62.72,130450,1,42.03,59.45,61.85,74.74,78.65,87420,123650,128650,155450,163600,,
14020,"Bloomington, IN",4,IN,0,Cross-industry,cross-industry,1235,29-1071,Physician Assistants,detailed,90,18.4,1.259,1.31,,,63.15,131350,4.7,46.91,52.88,60.27,77.81,77.91,97570,109990,125370,161840,162040,,
14020,"Bloomington, IN",4,IN,0,Cross-industry,cross-industry,1235,29-1122,Occupational Therapists,detailed,90,10.7,1.278,1.34,,,42.76,88930,2.2,29.85,36.37,45.39,48.79,50.34,62100,75650,94400,101490,104700,,
14020,"Bloomington, IN",4,IN,0,Cross-industry,cross-industry,1235,29-1123,Physical Therapists,detailed,100,8.3,1.411,0.89,,,44.7,92980,1.9,31.14,38.6,45.18,49.31,51.26,64780,80300,93980,102560,106610,,
14020,"Bloomington, IN",4,IN,0,Cross-industry,cross-industry,1235,29-1127,Speech-Language Pathologists,detailed,80,11.2,1.037,0.91,,,41.05,85390,3.5,29.75,35.93,37.57,48.46,52.36,61880,74740,78140,100800,108910,,
14020,"Bloomington, IN",4,IN,0,Cross-industry,cross-industry,1235,29-1131,Veterinarians,detailed,40,4.2,0.572,1.11,,,54.6,113580,2.9,30.66,38.78,45.13,59.35,81.77,63770,80670,93870,123440,170080,,
14020,"Bloomington, IN",4,IN,0,Cross-industry,cross-industry,1235,29-1141,Registered Nurses,detailed,1360,1.6,18.65,0.89,,,38.76,80620,0.8,30.7,31.34,36.75,45.29,47.92,63850,65190,76430,94210,99670,,
14020,"Bloomington, IN",4,IN,0,Cross-industry,cross-industry,1235,29-1171,Nurse Practitioners,detailed,180,7.1,2.525,1.37,,,59.33,123410,1.5,48.49,52.24,60.56,63.47,70.19,100860,108660,125960,132020,146000,,
14020,"Bloomington, IN",4,IN,0,Cross-industry,cross-industry,1235,29-1216,General Internal Medicine Physicians,detailed,50,13.6,0.641,1.45,,,119.81,249210,7.4,58.04,84.2,108.59,#,#,120730,175130,225870,#,#,,
14020,"Bloomington, IN",4,IN,0,Cross-industry,cross-industry,1235,29-1229,"Physicians, All Other",detailed,110,8,1.557,0.76,,,148.91,309740,3.9,45.11,103.43,#,#,#,93830,215130,#,#,#,,
14020,"Bloomington, IN",4,IN,0,Cross-industry,cross-industry,1235,29-1292,Dental Hygienists,detailed,100,8,1.398,1,,,38.87,80850,1.4,35.89,36.13,37.39,40.29,47.1,74640,75160,77780,83800,97980,,
14020,"Bloomington, IN",4,IN,0,Cross-industry,cross-industry,1235,29-2010,Clinical Laboratory Technologists and Technicians,detailed,190,5.6,2.538,1.15,,,24.79,51550,1,17.93,18.88,22.68,29.47,36.07,37290,39280,47180,61290,75030,,
14020,"Bloomington, IN",4,IN,0,Cross-industry,cross-industry,1235,29-2034,Radiologic Technologists and Technicians,detailed,150,7.6,2.041,1.4,,,32.11,66780,1.4,23.84,28.79,31.48,35,39.09,49590,59880,65470,72800,81310,,
14020,"Bloomington, IN",4,IN,0,Cross-industry,cross-industry,1235,29-2042,Emergency Medical Technicians,detailed,50,13.2,0.618,0.56,,,19.4,40340,1.7,14.99,15.36,18.46,20.9,23.27,31170,31940,38410,43470,48400,,
14020,"Bloomington, IN",4,IN,0,Cross-industry,cross-industry,1235,29-2043,Paramedics,detailed,30,15.4,0.47,0.72,,,26.58,55280,1.5,18.67,24.11,25.1,30.08,35.56,38830,50140,52200,62560,73950,,
14020,"Bloomington, IN",4,IN,0,Cross-industry,cross-industry,1235,29-2052,Pharmacy Technicians,detailed,210,3.8,2.94,0.97,,,18.66,38800,0.8,15.38,16.88,18,21.17,21.64,32000,35110,37450,44030,45010,,
14020,"Bloomington, IN",4,IN,0,Cross-industry,cross-industry,1235,29-2053,Psychiatric Technicians,detailed,200,8.6,2.74,3.59,,,18.4,38280,1.5,16.43,17.46,18.15,19.13,21.99,34170,36310,37750,39790,45740,,
14020,"Bloomington, IN",4,IN,0,Cross-industry,cross-industry,1235,29-2056,Veterinary Technologists and Technicians,detailed,50,9.9,0.661,0.82,,,18.67,38830,1.7,14.46,16.67,18.21,21.46,21.73,30070,34670,37880,44630,45210,,
14020,"Bloomington, IN",4,IN,0,Cross-industry,cross-industry,1235,29-2061,Licensed Practical and Licensed Vocational Nurses,detailed,250,5.2,3.383,0.82,,,27.03,56220,1.3,22.07,23.6,27.96,29.3,33.91,45910,49100,58170,60940,70520,,
14020,"Bloomington, IN",4,IN,0,Cross-industry,cross-industry,1235,29-2072,Medical Records Specialists,detailed,80,8.5,1.108,0.91,,,22.67,47160,3.8,16.82,18.38,21.76,23.6,31.16,34990,38240,45270,49080,64810,,
14020,"Bloomington, IN",4,IN,0,Cross-industry,cross-industry,1235,29-2081,"Opticians, Dispensing",detailed,70,7,0.913,1.81,,,18.03,37510,1.4,14.4,14.98,17.87,20.75,23.54,29950,31160,37170,43160,48960,,
14020,"Bloomington, IN",4,IN,0,Cross-industry,cross-industry,1235,29-2099,"Health Technologists and Technicians, All Other",detailed,60,9.6,0.842,0.75,,,22.86,47550,1.6,16.68,17.48,19.82,26.52,35.62,34700,36360,41220,55160,74090,,
14020,"Bloomington, IN",4,IN,0,Cross-industry,cross-industry,1235,31-0000,Healthcare Support Occupations,major,2940,1.7,40.266,0.87,,,16.98,35320,0.9,13.68,14.23,15.84,18.05,21.79,28440,29590,32940,37550,45320,,
14020,"Bloomington, IN",4,IN,0,Cross-industry,cross-industry,1235,31-1120,Home Health and Personal Care Aides,detailed,1360,2.3,18.573,0.76,,,14.71,30600,1.3,13.01,14.22,14.23,15.31,16.29,27070,29570,29590,31840,33870,,
14020,"Bloomington, IN",4,IN,0,Cross-industry,cross-industry,1235,31-1131,Nursing Assistants,detailed,570,2.9,7.796,0.88,,,17.4,36190,1.1,14.63,15.08,16.92,17.92,20.75,30430,31370,35190,37260,43150,,
14020,"Bloomington, IN",4,IN,0,Cross-industry,cross-industry,1235,31-9011,Massage Therapists,detailed,30,9.7,0.446,0.73,,,20.39,42400,3.1,14.65,18.15,18.15,21.63,28.98,30470,37750,37750,44980,60280,,
14020,"Bloomington, IN",4,IN,0,Cross-industry,cross-industry,1235,31-9091,Dental Assistants,detailed,150,4,2.043,0.84,,,21.8,45340,1.8,17.19,17.53,22.29,22.96,28.84,35750,36450,46350,47750,59990,,
14020,"Bloomington, IN",4,IN,0,Cross-industry,cross-industry,1235,31-9092,Medical Assistants,detailed,460,5.7,6.246,1.24,,,19.97,41530,1,15,17.91,18.71,21.92,22.62,31200,37260,38910,45600,47050,,
14020,"Bloomington, IN",4,IN,0,Cross-industry,cross-industry,1235,31-9093,Medical Equipment Preparers,detailed,30,13.2,0.441,1,,,20.25,42130,3.6,14.55,17.85,18.44,24.05,25.05,30270,37140,38350,50020,52100,,
14020,"Bloomington, IN",4,IN,0,Cross-industry,cross-industry,1235,31-9096,Veterinary Assistants and Laboratory Animal Caretakers,detailed,60,7.4,0.867,1.14,,,15.55,32340,1.8,11.85,14.2,15.07,17.23,17.86,24650,29530,31350,35830,37150,,
14020,"Bloomington, IN",4,IN,0,Cross-industry,cross-industry,1235,31-9097,Phlebotomists,detailed,70,7.7,0.918,1.02,,,17.72,36860,1.3,15.44,16.37,17.91,18.21,20.04,32120,34050,37260,37870,41680,,
14020,"Bloomington, IN",4,IN,0,Cross-industry,cross-industry,1235,33-0000,Protective Service Occupations,major,1390,4.2,19.052,0.83,,,21.5,44710,1.4,10.96,13.95,18.17,27.5,34.49,22800,29010,37800,57190,71740,,
14020,"Bloomington, IN",4,IN,0,Cross-industry,cross-industry,1235,33-1012,First-Line Supervisors of Police and Detectives,detailed,40,4.9,0.546,0.6,,,28.4,59060,1.9,14.34,14.34,18.59,45.56,48.03,29820,29820,38660,94750,99900,,
14020,"Bloomington, IN",4,IN,0,Cross-industry,cross-industry,1235,33-2011,Firefighters,detailed,260,23.6,3.628,1.75,,,19.07,39670,6.8,10.96,10.96,21.15,23.31,27.5,22800,22800,43990,48490,57190,,
14020,"Bloomington, IN",4,IN,0,Cross-industry,cross-industry,1235,33-3012,Correctional Officers and Jailers,detailed,60,12.2,0.808,0.35,,,22.62,47060,2.4,19.12,19.12,23.75,23.75,29.38,39770,39770,49410,49410,61100,,
14020,"Bloomington, IN",4,IN,0,Cross-industry,cross-industry,1235,33-3051,Police and Sheriff's Patrol Officers,detailed,240,6.4,3.295,0.77,,,31.04,64560,1.1,23,24.82,30.59,34.58,41.5,47840,51620,63620,71930,86320,,
14020,"Bloomington, IN",4,IN,0,Cross-industry,cross-industry,1235,33-9032,Security Guards,detailed,580,2,7.891,1,,,17.88,37190,3,11.59,13.57,17.46,18.17,29.36,24100,28220,36310,37800,61060,,
14020,"Bloomington, IN",4,IN,0,Cross-industry,cross-industry,1235,35-0000,Food Preparation and Serving Related Occupations,major,8140,0.7,111.494,1.28,,,14.38,29900,0.8,9.64,11.1,13.81,16.52,18.78,20060,23090,28720,34350,39060,,
14020,"Bloomington, IN",4,IN,0,Cross-industry,cross-industry,1235,35-1012,First-Line Supervisors of Food Preparation and Serving Workers,detailed,650,4.3,8.891,1.15,,,20,41610,1.1,13.75,16.27,18.22,23.33,28.22,28600,33840,37890,48530,58700,,
14020,"Bloomington, IN",4,IN,0,Cross-industry,cross-industry,1235,35-2011,"Cooks, Fast Food",detailed,230,12.8,3.199,0.72,,,13.33,27720,2.5,10.63,11.05,13.81,15.14,15.55,22100,22980,28730,31480,32350,,
14020,"Bloomington, IN",4,IN,0,Cross-industry,cross-industry,1235,35-2012,"Cooks, Institution and Cafeteria",detailed,360,2.8,4.984,1.74,,,16.24,33780,1,12.15,14.09,17.41,18.24,18.24,25280,29320,36210,37940,37940,,
14020,"Bloomington, IN",4,IN,0,Cross-industry,cross-industry,1235,35-2014,"Cooks, Restaurant",detailed,850,3.4,11.694,1.26,,,15.15,31500,1,11.36,13.79,14.44,17.17,17.94,23620,28670,30040,35710,37320,,
14020,"Bloomington, IN",4,IN,0,Cross-industry,cross-industry,1235,35-2021,Food Preparation Workers,detailed,430,6.4,5.838,1.01,,,14.66,30500,1.4,10.83,13.34,14.36,16.52,17.39,22530,27760,29880,34350,36180,,
14020,"Bloomington, IN",4,IN,0,Cross-industry,cross-industry,1235,35-3011,Bartenders,detailed,400,6,5.462,1.17,,,12.59,26180,3.4,8.4,8.71,10.93,13.9,17.67,17460,18120,22740,28910,36760,,
14020,"Bloomington, IN",4,IN,0,Cross-industry,cross-industry,1235,35-3023,Fast Food and Counter Workers,detailed,2580,2.7,35.385,1.46,,,13.07,27190,1.2,10.59,11.12,13.26,14.24,16.05,22030,23130,27580,29610,33370,,
14020,"Bloomington, IN",4,IN,0,Cross-industry,cross-industry,1235,35-3031,Waiters and Waitresses,detailed,1490,2.5,20.405,1.38,,,13.78,28670,1.4,8.51,9.06,11.47,17.95,21.76,17700,18840,23860,37340,45260,,
14020,"Bloomington, IN",4,IN,0,Cross-industry,cross-industry,1235,35-3041,"Food Servers, Nonrestaurant",detailed,140,6.9,1.98,1.12,,,14.24,29610,1.6,11.26,13,14.55,15.12,17.18,23420,27030,30270,31440,35720,,
14020,"Bloomington, IN",4,IN,0,Cross-industry,cross-industry,1235,35-9011,Dining Room and Cafeteria Attendants and Bartender Helpers,detailed,300,5.5,4.174,1.31,,,14.44,30030,1.5,9.06,11.24,13.87,18.31,19.15,18840,23380,28840,38090,39830,,
14020,"Bloomington, IN",4,IN,0,Cross-industry,cross-industry,1235,35-9021,Dishwashers,detailed,220,4.9,2.947,0.96,,,13.06,27170,1.2,10.38,11.16,13.67,14.45,15.97,21580,23220,28440,30050,33220,,
14020,"Bloomington, IN",4,IN,0,Cross-industry,cross-industry,1235,35-9031,"Hosts and Hostesses, Restaurant, Lounge, and Coffee Shop",detailed,330,5.5,4.585,1.64,,,12.23,25440,1.7,8.76,10.91,11.4,13.15,16.62,18210,22700,23710,27340,34570,,
14020,"Bloomington, IN",4,IN,0,Cross-industry,cross-industry,1235,37-0000,Building and Grounds Cleaning and Maintenance Occupations,major,2210,1.2,30.314,1.04,,,16.86,35060,0.7,12.89,14.24,17.32,18.01,20.51,26800,29620,36030,37460,42660,,
14020,"Bloomington, IN",4,IN,0,Cross-industry,cross-industry,1235,37-1011,First-Line Supervisors of Housekeeping and Janitorial Workers,detailed,80,8.1,1.053,0.93,,,21.9,45560,3.6,17.04,18.71,22.13,23.75,28.92,35440,38910,46020,49400,60150,,
14020,"Bloomington, IN",4,IN,0,Cross-industry,cross-industry,1235,37-1012,"First-Line Supervisors of Landscaping, Lawn Service, and Groundskeeping Workers",detailed,40,11.6,0.59,0.71,,,23.72,49340,2.7,15.22,17.93,23.09,28.73,38.86,31660,37290,48020,59760,80830,,
14020,"Bloomington, IN",4,IN,0,Cross-industry,cross-industry,1235,37-2011,"Janitors and Cleaners, Except Maids and Housekeeping Cleaners",detailed,1010,2.4,13.844,0.97,,,16.66,34650,0.9,13.08,14.81,18.01,18.01,18.21,27200,30800,37460,37460,37870,,
14020,"Bloomington, IN",4,IN,0,Cross-industry,cross-industry,1235,37-2012,Maids and Housekeeping Cleaners,detailed,460,4,6.243,1.13,,,14.82,30830,1.2,11.95,13.2,13.95,17.1,17.98,24860,27450,29020,35570,37390,,
14020,"Bloomington, IN",4,IN,0,Cross-industry,cross-industry,1235,37-3011,Landscaping and Groundskeeping Workers,detailed,560,2.7,7.702,1.26,,,17.25,35880,1,13.65,15.29,17.57,18.5,22.06,28400,31800,36540,38480,45880,,
14020,"Bloomington, IN",4,IN,0,Cross-industry,cross-industry,1235,39-0000,Personal Care and Service Occupations,major,1160,3.5,15.896,0.79,,,16.83,35000,1.5,10.44,11.91,14.65,18.91,27.44,21710,24770,30470,39330,57080,,
14020,"Bloomington, IN",4,IN,0,Cross-industry,cross-industry,1235,39-1022,First-Line Supervisors of Personal Service Workers,detailed,60,9.9,0.794,1.13,,,24.45,50860,3.1,15.85,18.36,22.1,28.96,36.87,32980,38190,45960,60230,76680,,
14020,"Bloomington, IN",4,IN,0,Cross-industry,cross-industry,1235,39-2011,Animal Trainers,detailed,60,5,0.827,6.53,,,24.54,51050,2.2,18.68,18.94,18.94,31.24,31.24,38850,39390,39390,64970,64970,,
14020,"Bloomington, IN",4,IN,0,Cross-industry,cross-industry,1235,39-2021,Animal Caretakers,detailed,120,5.5,1.59,0.9,,,14.97,31140,4.2,10.25,11.56,13.87,17.95,17.95,21310,24040,28840,37330,37330,,
14020,"Bloomington, IN",4,IN,0,Cross-industry,cross-industry,1235,39-3031,"Ushers, Lobby Attendants, and Ticket Takers",detailed,40,21,0.504,0.65,,,12.68,26360,3.9,8.85,10.92,11.56,13.7,16.15,18410,22710,24040,28490,33590,,
14020,"Bloomington, IN",4,IN,0,Cross-industry,cross-industry,1235,39-3091,Amusement and Recreation Attendants,detailed,100,21.6,1.342,0.56,,,11.72,24380,3.8,8.78,9.24,11.87,13.08,14.15,18260,19220,24700,27210,29430,,
14020,"Bloomington, IN",4,IN,0,Cross-industry,cross-industry,1235,39-5012,"Hairdressers, Hairstylists, and Cosmetologists",detailed,120,6.2,1.628,0.84,,,17.49,36380,4.5,11.23,14.01,17.32,20.8,28.12,23360,29140,36030,43270,58500,,
14020,"Bloomington, IN",4,IN,0,Cross-industry,cross-industry,1235,39-5094,Skincare Specialists,detailed,40,22,0.588,1.37,,,20.63,42910,5.1,10.94,14.76,18.82,24.1,31.81,22750,30690,39140,50130,66160,,
14020,"Bloomington, IN",4,IN,0,Cross-industry,cross-industry,1235,39-9011,Childcare Workers,detailed,150,10.5,2.042,0.62,,,13.26,27580,1.8,10.44,11.23,13.56,14.2,16.17,21710,23360,28200,29540,33640,,
14020,"Bloomington, IN",4,IN,0,Cross-industry,cross-industry,1235,39-9031,Exercise Trainers and Group Fitness Instructors,detailed,120,12.8,1.656,0.9,,,20.43,42500,6,11.66,14,17.64,27.44,28.88,24260,29120,36680,57080,60080,,
14020,"Bloomington, IN",4,IN,0,Cross-industry,cross-industry,1235,39-9032,Recreation Workers,detailed,210,15.1,2.922,1.58,,,14.24,29630,3.1,10.94,11.3,14.03,14.71,18,22760,23510,29180,30610,37440,,
14020,"Bloomington, IN",4,IN,0,Cross-industry,cross-industry,1235,39-9041,Residential Advisors,detailed,60,13.6,0.766,1.31,,,23,47830,9.8,17.08,19.03,22.59,27.34,28.18,35530,39570,46980,56860,58610,,
14020,"Bloomington, IN",4,IN,0,Cross-industry,cross-industry,1235,41-0000,Sales and Related Occupations,major,5520,2.1,75.648,0.86,,,20.9,43470,1.5,11.02,13.15,15.82,22.59,36.98,22920,27350,32910,47000,76910,,
14020,"Bloomington, IN",4,IN,0,Cross-industry,cross-industry,1235,41-1011,First-Line Supervisors of Retail Sales Workers,detailed,420,2.9,5.811,0.81,,,22.9,47630,1,14.07,17.67,21.81,27.04,31.79,29260,36750,45360,56250,66110,,
14020,"Bloomington, IN",4,IN,0,Cross-industry,cross-industry,1235,41-2011,Cashiers,detailed,1340,6.1,18.383,0.85,,,13.23,27510,0.8,10.5,11.42,13.25,14.3,16.17,21850,23760,27570,29750,33630,,
14020,"Bloomington, IN",4,IN,0,Cross-industry,cross-industry,1235,41-2021,Counter and Rental Clerks,detailed,220,6.6,3.066,1.19,,,16.44,34190,2.2,10.25,12,16.84,19.02,21.97,21310,24960,35030,39550,45700,,
14020,"Bloomington, IN",4,IN,0,Cross-industry,cross-industry,1235,41-2022,Parts Salespersons,detailed,100,5.8,1.405,0.82,,,17.69,36800,3.7,10.86,13.95,16.46,20.94,23.29,22580,29010,34250,43560,48450,,
14020,"Bloomington, IN",4,IN,0,Cross-industry,cross-industry,1235,41-2031,Retail Salespersons,detailed,1930,2.7,26.404,1.09,,,15.66,32570,0.9,10.74,11.67,14.2,16.92,20,22340,24270,29540,35200,41610,,
14020,"Bloomington, IN",4,IN,0,Cross-industry,cross-industry,1235,41-3011,Advertising Sales Agents,detailed,50,6.4,0.704,0.99,,,29.59,61540,6.1,15.07,18.89,22.4,29.17,61.35,31340,39290,46590,60680,127610,,
14020,"Bloomington, IN",4,IN,0,Cross-industry,cross-industry,1235,41-3021,Insurance Sales Agents,detailed,260,7.5,3.563,1.18,,,30.91,64300,3.9,17.73,18.02,23.66,37.47,49,36880,37480,49220,77930,101920,,
14020,"Bloomington, IN",4,IN,0,Cross-industry,cross-industry,1235,41-3031,"Securities, Commodities, and Financial Services Sales Agents",detailed,90,8.1,1.167,0.37,,,50.27,104560,7.9,20.19,22.3,31.15,44.32,#,42000,46390,64800,92190,#,,
14020,"Bloomington, IN",4,IN,0,Cross-industry,cross-industry,1235,41-3091,"Sales Representatives of Services, Except Advertising, Insurance, Financial Services, and Travel",detailed,300,5.3,4.173,0.55,,,31.17,64830,4.4,14.05,18.16,26.72,36.29,57.04,29220,37780,55580,75490,118640,,
14020,"Bloomington, IN",4,IN,0,Cross-industry,cross-industry,1235,41-4011,"Sales Representatives, Wholesale and Manufacturing, Technical and Scientific Products",detailed,300,26.5,4.17,2.03,,,44.56,92680,3,27.02,36.88,36.98,48.4,76.61,56200,76710,76910,100670,159360,,
14020,"Bloomington, IN",4,IN,0,Cross-industry,cross-industry,1235,41-4012,"Sales Representatives, Wholesale and Manufacturing, Except Technical and Scientific Products",detailed,380,9.1,5.153,0.61,,,31.02,64530,2.3,14.62,18.88,27.07,37.63,51.21,30400,39270,56310,78280,106510,,
14020,"Bloomington, IN",4,IN,0,Cross-industry,cross-industry,1235,41-9022,Real Estate Sales Agents,detailed,40,44.5,0.568,0.44,,,28.95,60220,12.9,14.2,17.56,21.8,36.72,57.64,29530,36520,45350,76370,119890,,
14020,"Bloomington, IN",4,IN,0,Cross-industry,cross-industry,1235,43-0000,Office and Administrative Support Occupations,major,7960,0.8,109.03,0.89,,,21.09,43870,0.4,13.82,16.62,18.88,23.58,29.66,28740,34570,39270,49050,61690,,
14020,"Bloomington, IN",4,IN,0,Cross-industry,cross-industry,1235,43-1011,First-Line Supervisors of Office and Administrative Support Workers,detailed,410,2.6,5.574,0.56,,,29.59,61550,1.4,17.79,22.08,28.33,35.98,44.14,37010,45930,58920,74840,91810,,
14020,"Bloomington, IN",4,IN,0,Cross-industry,cross-industry,1235,43-3011,Bill and Account Collectors,detailed,160,3.8,2.224,1.77,,,20.15,41920,1.2,17.66,18.05,19.61,22.86,22.86,36740,37530,40780,47550,47550,,
14020,"Bloomington, IN",4,IN,0,Cross-industry,cross-industry,1235,43-3021,Billing and Posting Clerks,detailed,190,10.4,2.566,0.91,,,20.42,42480,1.4,15.2,17.12,18.98,22.73,26.79,31620,35600,39470,47280,55710,,
14020,"Bloomington, IN",4,IN,0,Cross-industry,cross-industry,1235,43-3031,"Bookkeeping, Accounting, and Auditing Clerks",detailed,680,2.2,9.333,0.94,,,21.15,43990,1,14.05,17.82,21.03,23.31,28.87,29220,37060,43740,48490,60050,,
14020,"Bloomington, IN",4,IN,0,Cross-industry,cross-industry,1235,43-3051,Payroll and Timekeeping Clerks,detailed,80,5.8,1.093,1.06,,,23.05,47950,1.9,13.18,17.17,21.96,28.06,38.34,27410,35710,45670,58360,79750,,
14020,"Bloomington, IN",4,IN,0,Cross-industry,cross-industry,1235,43-3071,Tellers,detailed,200,3.9,2.684,1.2,,,17.61,36620,1.5,14.58,15.16,17.66,18.01,21.45,30320,31530,36730,37460,44620,,
14020,"Bloomington, IN",4,IN,0,Cross-industry,cross-industry,1235,43-4031,"Court, Municipal, and License Clerks",detailed,60,7.5,0.763,0.73,,,22.13,46040,1.5,14.99,18.71,18.77,28.44,30.29,31190,38930,39050,59160,63010,,
14020,"Bloomington, IN",4,IN,0,Cross-industry,cross-industry,1235,43-4051,Customer Service Representatives,detailed,930,4.4,12.746,0.68,,,20.46,42570,2.1,13.54,15.99,18.39,23.15,30.64,28160,33250,38240,48150,63720,,
14020,"Bloomington, IN",4,IN,0,Cross-industry,cross-industry,1235,43-4061,"Eligibility Interviewers, Government Programs",detailed,30,8.2,0.427,0.43,,,21.45,44620,1.2,18.1,18.67,20.62,23.87,25.08,37650,38830,42890,49650,52170,,
14020,"Bloomington, IN",4,IN,0,Cross-industry,cross-industry,1235,43-4071,File Clerks,detailed,70,9.7,0.998,1.84,,,16.91,35170,2,10.96,14.66,16.16,18.3,24.64,22790,30490,33600,38070,51240,,
14020,"Bloomington, IN",4,IN,0,Cross-industry,cross-industry,1235,43-4081,"Hotel, Motel, and Resort Desk Clerks",detailed,190,5.5,2.603,1.5,,,13.88,28860,1.1,10.91,13.56,13.94,14.09,16.68,22680,28190,29000,29310,34700,,
14020,"Bloomington, IN",4,IN,0,Cross-industry,cross-industry,1235,43-4111,"Interviewers, Except Eligibility and Loan",detailed,140,12.6,1.863,1.76,,,18.87,39250,0.9,14.97,17.75,18.24,20.43,21.99,31130,36920,37930,42490,45740,,
14020,"Bloomington, IN",4,IN,0,Cross-industry,cross-industry,1235,43-4121,"Library Assistants, Clerical",detailed,60,35.8,0.837,1.52,,,13,27040,3,10.8,12.02,13.42,13.42,14.15,22460,25010,27920,27920,29440,,
14020,"Bloomington, IN",4,IN,0,Cross-industry,cross-industry,1235,43-4131,Loan Interviewers and Clerks,detailed,60,10.8,0.876,0.65,,,20.27,42150,2.1,16.77,18.16,20.2,22.24,22.99,34870,37780,42010,46260,47820,,
14020,"Bloomington, IN",4,IN,0,Cross-industry,cross-industry,1235,43-4171,Receptionists and Information Clerks,detailed,380,8.8,5.225,0.79,,,15.71,32690,1.5,11.33,13.75,15.73,17.61,19.17,23570,28610,32720,36630,39880,,
14020,"Bloomington, IN",4,IN,0,Cross-industry,cross-industry,1235,43-5021,Couriers and Messengers,detailed,50,20.8,0.659,1.39,,,18.25,37960,6.2,12,14.34,19.74,21.91,22.53,24960,29840,41050,45560,46860,,
14020,"Bloomington, IN",4,IN,0,Cross-industry,cross-industry,1235,43-5031,Public Safety Telecommunicators,detailed,50,10.7,0.697,1.08,,,17.63,36670,1.3,14.87,17.67,17.67,18.38,18.88,30930,36750,36750,38230,39260,,
14020,"Bloomington, IN",4,IN,0,Cross-industry,cross-industry,1235,43-5032,"Dispatchers, Except Police, Fire, and Ambulance",detailed,60,11.3,0.853,0.63,,,20.18,41970,3.8,12.39,14.91,19.46,23.49,28.04,25760,31010,40470,48850,58330,,
14020,"Bloomington, IN",4,IN,0,Cross-industry,cross-industry,1235,43-5051,Postal Service Clerks,detailed,30,0,0.452,0.88,,,28.69,59680,0,20.05,26.32,28.37,34.54,34.54,41700,54750,59010,71840,71840,,
14020,"Bloomington, IN",4,IN,0,Cross-industry,cross-industry,1235,43-5052,Postal Service Mail Carriers,detailed,190,0,2.629,1.2,,,29.75,61880,0,22.13,24.11,29.22,36.2,36.5,46030,50150,60780,75300,75920,,
14020,"Bloomington, IN",4,IN,0,Cross-industry,cross-industry,1235,43-5061,"Production, Planning, and Expediting Clerks",detailed,120,5.8,1.589,0.61,,,28,58230,1.4,20.19,22.6,27.73,33.74,36.49,42000,47010,57690,70170,75900,,
14020,"Bloomington, IN",4,IN,0,Cross-industry,cross-industry,1235,43-5071,"Shipping, Receiving, and Inventory Clerks",detailed,370,3.6,5.044,0.91,,,19.83,41240,1,15.36,17.11,18.72,22.6,23.73,31950,35580,38940,47020,49360,,
14020,"Bloomington, IN",4,IN,0,Cross-industry,cross-industry,1235,43-6011,Executive Secretaries and Executive Administrative Assistants,detailed,480,2.5,6.635,2.08,,,21.92,45600,1,18.09,18.09,18.09,23.58,29.8,37630,37630,37630,49050,61980,,
14020,"Bloomington, IN",4,IN,0,Cross-industry,cross-industry,1235,43-6012,Legal Secretaries and Administrative Assistants,detailed,60,9.6,0.833,0.83,,,23.35,48570,3.5,17.54,19.23,22.15,25.64,30.56,36490,39990,46080,53340,63560,,
14020,"Bloomington, IN",4,IN,0,Cross-industry,cross-industry,1235,43-6013,Medical Secretaries and Administrative Assistants,detailed,340,5.4,4.697,0.95,,,18.73,38960,1,14.83,16.89,17.78,21.49,22.79,30850,35130,36980,44700,47400,,
14020,"Bloomington, IN",4,IN,0,Cross-industry,cross-industry,1235,43-6014,"Secretaries and Administrative Assistants, Except Legal, Medical, and Executive",detailed,240,4.9,3.222,0.27,,,19.85,41290,1.5,13.86,16.13,18.03,22.5,27.26,28820,33550,37510,46810,56700,,
14020,"Bloomington, IN",4,IN,0,Cross-industry,cross-industry,1235,43-9021,Data Entry Keyers,detailed,250,1.8,3.422,3.37,,,20.78,43220,2.1,15.5,18.22,20.54,23.47,26.23,32230,37900,42730,48810,54560,,
14020,"Bloomington, IN",4,IN,0,Cross-industry,cross-industry,1235,43-9041,Insurance Claims and Policy Processing Clerks,detailed,90,24.5,1.237,0.78,,,18.89,39280,8.3,13.53,14.88,18.09,22.35,24.06,28140,30950,37620,46490,50040,,
14020,"Bloomington, IN",4,IN,0,Cross-industry,cross-industry,1235,43-9061,"Office Clerks, General",detailed,1220,2,16.747,1.02,,,19.81,41210,1.6,13.19,15.13,18.22,23.37,28.6,27430,31470,37900,48620,59480,,
14020,"Bloomington, IN",4,IN,0,Cross-industry,cross-industry,1235,43-9199,"Office and Administrative Support Workers, All Other",detailed,100,4.8,1.396,1.23,,,20.9,43480,1.3,18.49,18.49,18.49,23.04,23.04,38470,38470,38470,47920,47920,,
14020,"Bloomington, IN",4,IN,0,Cross-industry,cross-industry,1235,45-0000,"Farming, Fishing, and Forestry Occupations",major,60,7.6,0.766,0.27,,,19.51,40580,4.7,10.15,15.37,18.04,22.48,28.49,21100,31980,37510,46760,59270,,
14020,"Bloomington, IN",4,IN,0,Cross-industry,cross-industry,1235,47-0000,Construction and Extraction Occupations,major,2470,1.2,33.866,0.83,,,29.13,60590,0.6,18.07,22.51,28.44,36.12,44.3,37580,46820,59160,75130,92140,,
14020,"Bloomington, IN",4,IN,0,Cross-industry,cross-industry,1235,47-1011,First-Line Supervisors of Construction Trades and Extraction Workers,detailed,240,3.2,3.274,0.64,,,36.84,76630,1.1,23.96,28.96,36.41,44.3,47.47,49830,60230,75730,92140,98740,,
14020,"Bloomington, IN",4,IN,0,Cross-industry,cross-industry,1235,47-2021,Brickmasons and Blockmasons,detailed,30,7,0.463,1.24,,,26.76,55660,3.5,16.44,23.1,25.13,32.2,36.62,34200,48050,52260,66980,76180,,
14020,"Bloomington, IN",4,IN,0,Cross-industry,cross-industry,1235,47-2031,Carpenters,detailed,320,9.7,4.354,0.94,,,27.84,57920,3,18.92,22.28,28.73,34.27,37.41,39350,46340,59750,71280,77800,,
14020,"Bloomington, IN",4,IN,0,Cross-industry,cross-industry,1235,47-2051,Cement Masons and Concrete Finishers,detailed,70,16.5,0.97,0.72,,,26.6,55330,2.2,18.44,23.12,27.69,30.34,34.04,38350,48080,57600,63100,70800,,
14020,"Bloomington, IN",4,IN,0,Cross-industry,cross-industry,1235,47-2061,Construction Laborers,detailed,610,6.2,8.398,1.25,,,28.28,58830,0.9,17.57,22.38,26.5,31.33,44.69,36550,46550,55120,65170,92960,,
14020,"Bloomington, IN",4,IN,0,Cross-industry,cross-industry,1235,47-2073,Operating Engineers and Other Construction Equipment Operators,detailed,250,5.9,3.363,1.13,,,31.01,64490,1.1,19.63,23.64,30.53,38.73,38.73,40830,49160,63510,80560,80560,,
14020,"Bloomington, IN",4,IN,0,Cross-industry,cross-industry,1235,47-2111,Electricians,detailed,220,7.4,3.028,0.65,,,33.07,68780,1.8,21.76,24.64,29.42,40.09,45.37,45270,51250,61200,83380,94370,,
14020,"Bloomington, IN",4,IN,0,Cross-industry,cross-industry,1235,47-2141,"Painters, Construction and Maintenance",detailed,100,8.9,1.313,0.92,,,23.15,48150,1.9,16.74,18.07,23.06,23.55,25.58,34820,37580,47970,48970,53200,,
14020,"Bloomington, IN",4,IN,0,Cross-industry,cross-industry,1235,47-2152,"Plumbers, Pipefitters, and Steamfitters",detailed,140,7.6,1.957,0.68,,,33.33,69330,2.4,21.94,23.05,31.42,44.87,44.87,45630,47940,65360,93330,93330,,
14020,"Bloomington, IN",4,IN,0,Cross-industry,cross-industry,1235,47-2181,Roofers,detailed,80,6.8,1.137,1.28,,,24.27,50480,2.7,18.03,18.62,22.84,28.23,30.21,37500,38720,47520,58710,62830,,
14020,"Bloomington, IN",4,IN,0,Cross-industry,cross-industry,1235,47-2211,Sheet Metal Workers,detailed,40,11,0.497,0.65,,,29.73,61830,2,21.41,24.02,30.68,30.68,40.51,44530,49950,63810,63810,84260,,
14020,"Bloomington, IN",4,IN,0,Cross-industry,cross-industry,1235,47-4011,Construction and Building Inspectors,detailed,60,10.1,0.881,1,,,31.36,65240,1.4,23.69,25.26,30.32,36.38,36.38,49280,52540,63070,75670,75670,,
14020,"Bloomington, IN",4,IN,0,Cross-industry,cross-industry,1235,47-4051,Highway Maintenance Workers,detailed,40,16,0.585,0.59,,,20.81,43270,3.1,16.1,18.25,19.68,22.92,25.6,33490,37960,40930,47670,53250,,
14020,"Bloomington, IN",4,IN,0,Cross-industry,cross-industry,1235,47-5051,"Rock Splitters, Quarry",detailed,50,13.1,0.701,29.46,,,23.44,48750,4.2,18.15,18.25,23.43,30.33,30.34,37760,37960,48730,63090,63100,,
14020,"Bloomington, IN",4,IN,0,Cross-industry,cross-industry,1235,49-0000,"Installation, Maintenance, and Repair Occupations",major,2630,1.8,35.967,0.91,,,25.73,53520,0.7,15.22,18.54,23.42,29.62,39.2,31660,38560,48710,61600,81540,,
14020,"Bloomington, IN",4,IN,0,Cross-industry,cross-industry,1235,49-1011,"First-Line Supervisors of Mechanics, Installers, and Repairers",detailed,230,6.1,3.139,0.81,,,33.78,70260,2.1,19.9,23.56,31.06,42.72,50.77,41400,49000,64610,88850,105600,,
14020,"Bloomington, IN",4,IN,0,Cross-industry,cross-industry,1235,49-2011,"Computer, Automated Teller, and Office Machine Repairers",detailed,130,4.9,1.741,3.41,,,24.41,50770,1.3,17.52,22.5,22.5,28.91,28.91,36440,46800,46800,60140,60140,,
14020,"Bloomington, IN",4,IN,0,Cross-industry,cross-industry,1235,49-2022,"Telecommunications Equipment Installers and Repairers, Except Line Installers",detailed,60,12.2,0.837,0.8,,,28.51,59300,4.3,21.2,22.9,28.38,34.42,37.88,44100,47640,59020,71600,78790,,
14020,"Bloomington, IN",4,IN,0,Cross-industry,cross-industry,1235,49-3021,Automotive Body and Related Repairers,detailed,70,7.8,0.946,0.95,,,25.34,52720,3.8,14.62,18.12,22.62,28.54,39.47,30420,37680,47040,59360,82090,,
14020,"Bloomington, IN",4,IN,0,Cross-industry,cross-industry,1235,49-3023,Automotive Service Technicians and Mechanics,detailed,320,2.9,4.376,0.98,,,22.39,46580,2,13.19,16.45,21.95,27.06,31,27440,34210,45650,56280,64490,,
14020,"Bloomington, IN",4,IN,0,Cross-industry,cross-industry,1235,49-3031,Bus and Truck Mechanics and Diesel Engine Specialists,detailed,100,9.5,1.379,0.73,,,25.77,53590,3.4,18.93,22.07,25.38,28.25,32.95,39360,45900,52790,58760,68540,,
14020,"Bloomington, IN",4,IN,0,Cross-industry,cross-industry,1235,49-3042,"Mobile Heavy Equipment Mechanics, Except Engines",detailed,50,4.9,0.698,0.6,,,29.43,61210,1.9,24.71,25.49,30.25,32.57,37.83,51400,53030,62920,67750,78680,,
14020,"Bloomington, IN",4,IN,0,Cross-industry,cross-industry,1235,49-9012,"Control and Valve Installers and Repairers, Except Mechanical Door",detailed,40,17.5,0.523,1.66,,,25.63,53300,10.2,15.11,18.35,19.19,31.2,43.5,31430,38170,39910,64900,90490,,
14020,"Bloomington, IN",4,IN,0,Cross-industry,cross-industry,1235,49-9021,"Heating, Air Conditioning, and Refrigeration Mechanics and Installers",detailed,200,5.9,2.796,1.07,,,30.95,64380,1.1,19.44,23.44,29.08,43.5,43.61,40430,48760,60480,90470,90700,,
14020,"Bloomington, IN",4,IN,0,Cross-industry,cross-industry,1235,49-9041,Industrial Machinery Mechanics,detailed,140,7.7,1.858,0.68,,,27.5,57190,1.7,18.3,22.3,26.15,34.13,37.17,38070,46380,54400,70990,77320,,
14020,"Bloomington, IN",4,IN,0,Cross-industry,cross-industry,1235,49-9052,Telecommunications Line Installers and Repairers,detailed,60,12,0.886,1.36,,,28.8,59910,3.4,22.53,22.53,29.01,35.14,35.33,46850,46850,60330,73080,73480,,
14020,"Bloomington, IN",4,IN,0,Cross-industry,cross-industry,1235,49-9071,"Maintenance and Repair Workers, General",detailed,850,2.8,11.611,1.17,,,22.53,46870,0.9,14.37,17.7,21.87,27.41,30.37,29900,36810,45480,57000,63160,,
14020,"Bloomington, IN",4,IN,0,Cross-industry,cross-industry,1235,49-9099,"Installation, Maintenance, and Repair Workers, All Other",detailed,40,13.2,0.548,0.47,,,24.43,50820,3.2,15.9,17.19,22.39,29.71,36.2,33060,35760,46570,61810,75300,,
14020,"Bloomington, IN",4,IN,0,Cross-industry,cross-industry,1235,51-0000,Production Occupations,major,7190,1.5,98.5,1.71,,,22.79,47410,0.9,16.35,16.77,20.94,27.96,34.52,34010,34890,43540,58150,71790,,
14020,"Bloomington, IN",4,IN,0,Cross-industry,cross-industry,1235,51-1011,First-Line Supervisors of Production and Operating Workers,detailed,550,3,7.571,1.71,,,34.73,72240,1,22.02,27.66,36.66,39.13,47.52,45800,57530,76250,81400,98840,,
14020,"Bloomington, IN",4,IN,0,Cross-industry,cross-industry,1235,51-2090,Miscellaneous Assemblers and Fabricators,detailed,1770,5.6,24.282,2.48,,,17.43,36260,1.6,14.19,16.76,16.76,17.25,20.94,29510,34850,34850,35890,43540,,
14020,"Bloomington, IN",4,IN,0,Cross-industry,cross-industry,1235,51-3011,Bakers,detailed,80,9.1,1.034,0.71,,,14.96,31110,1.7,10.39,13.54,14.54,16.59,17.92,21600,28160,30240,34500,37260,,
14020,"Bloomington, IN",4,IN,0,Cross-industry,cross-industry,1235,51-3021,Butchers and Meat Cutters,detailed,40,10.9,0.505,0.56,,,16.23,33760,2,12.52,14.46,15.86,17.63,21.44,26050,30070,32980,36660,44590,,
14020,"Bloomington, IN",4,IN,0,Cross-industry,cross-industry,1235,51-4031,"Cutting, Punching, and Press Machine Setters, Operators, and Tenders, Metal and Plastic",detailed,100,17.9,1.416,1.2,,,19.01,39540,2.8,14.26,17.56,18.09,21.83,21.83,29660,36520,37620,45410,45410,,
14020,"Bloomington, IN",4,IN,0,Cross-industry,cross-industry,1235,51-4041,Machinists,detailed,550,16.4,7.543,3.94,,,25.15,52310,1,18.02,18.06,23.81,29.2,34.52,37480,37570,49520,60730,71790,,
14020,"Bloomington, IN",4,IN,0,Cross-industry,cross-industry,1235,51-4072,"Molding, Coremaking, and Casting Machine Setters, Operators, and Tenders, Metal and Plastic",detailed,210,8.6,2.942,2.81,,,19.22,39970,2.1,15.79,16.74,18.35,21.75,23.02,32830,34810,38160,45230,47880,,
14020,"Bloomington, IN",4,IN,0,Cross-industry,cross-industry,1235,51-4081,"Multiple Machine Tool Setters, Operators, and Tenders, Metal and Plastic",detailed,80,24.1,1.127,1.34,,,21.54,44800,2.7,15.81,18.13,22.67,22.94,27.56,32880,37710,47160,47710,57320,,
14020,"Bloomington, IN",4,IN,0,Cross-industry,cross-industry,1235,51-4121,"Welders, Cutters, Solderers, and Brazers",detailed,40,16.3,0.615,0.22,,,25.46,52950,3.9,16.04,18.25,22.42,31.45,37.77,33350,37960,46630,65410,78560,,
14020,"Bloomington, IN",4,IN,0,Cross-industry,cross-industry,1235,51-5112,Printing Press Operators,detailed,60,12.1,0.783,0.79,,,20.98,43630,4.3,13.29,17.62,20.03,23.27,29.39,27640,36660,41660,48410,61130,,
14020,"Bloomington, IN",4,IN,0,Cross-industry,cross-industry,1235,51-6011,Laundry and Dry-Cleaning Workers,detailed,70,4.6,0.985,0.81,,,15.19,31590,1.2,11.07,13.06,13.94,18.35,21.51,23030,27160,29000,38160,44740,,
14020,"Bloomington, IN",4,IN,0,Cross-industry,cross-industry,1235,51-7011,Cabinetmakers and Bench Carpenters,detailed,30,16.7,0.425,0.73,,,20.01,41620,3.3,15.52,16.91,18.3,23.07,26.78,32280,35180,38050,47990,55710,,
14020,"Bloomington, IN",4,IN,0,Cross-industry,cross-industry,1235,51-7041,"Sawing Machine Setters, Operators, and Tenders, Wood",detailed,50,17.8,0.652,2.27,,,19.63,40820,5.7,12.61,16.23,18.19,22.54,29.59,26240,33760,37830,46880,61540,,
14020,"Bloomington, IN",4,IN,0,Cross-industry,cross-industry,1235,51-8031,Water and Wastewater Treatment Plant and System Operators,detailed,80,11.8,1.033,1.3,,,21.32,44340,2.9,11.24,18.1,19.55,27.34,28.94,23380,37650,40660,56860,60200,,
14020,"Bloomington, IN",4,IN,0,Cross-industry,cross-industry,1235,51-9011,Chemical Equipment Operators and Tenders,detailed,690,4.4,9.439,11.92,,,25.69,53440,0.8,23.22,23.3,23.3,28.67,28.67,48290,48460,48460,59620,59620,,
14020,"Bloomington, IN",4,IN,0,Cross-industry,cross-industry,1235,51-9032,"Cutting and Slicing Machine Setters, Operators, and Tenders",detailed,70,6,0.892,2.57,,,21.38,44460,0.9,16.76,19.45,22.69,23.28,25.28,34850,40450,47190,48420,52590,,
14020,"Bloomington, IN",4,IN,0,Cross-industry,cross-industry,1235,51-9061,"Inspectors, Testers, Sorters, Samplers, and Weighers",detailed,870,3.5,11.875,3.08,,,26.24,54570,1.2,17.19,19.56,22.75,30.71,36.39,35750,40690,47310,63870,75700,,
14020,"Bloomington, IN",4,IN,0,Cross-industry,cross-industry,1235,51-9111,Packaging and Filling Machine Operators and Tenders,detailed,470,6.2,6.423,2.62,,,22.05,45850,1,17.47,18.86,19.27,23.24,27.96,36330,39230,40080,48340,58150,,
14020,"Bloomington, IN",4,IN,0,Cross-industry,cross-industry,1235,51-9161,Computer Numerically Controlled Tool Operators,detailed,100,22.3,1.382,1.12,,,25.29,52600,2.8,19.1,23.56,23.99,28.02,28.02,39720,49000,49890,58280,58280,,
14020,"Bloomington, IN",4,IN,0,Cross-industry,cross-industry,1235,51-9162,Computer Numerically Controlled Tool Programmers,detailed,30,22.8,0.426,2.31,,,33.14,68920,2.3,20.5,22.32,33.17,45.01,47.21,42640,46430,68990,93630,98200,,
14020,"Bloomington, IN",4,IN,0,Cross-industry,cross-industry,1235,51-9195,"Molders, Shapers, and Casters, Except Metal and Plastic",detailed,100,3.9,1.413,5.58,,,20.92,43510,2,17.48,17.78,20.69,23.51,26.66,36350,36970,43020,48910,55450,,
14020,"Bloomington, IN",4,IN,0,Cross-industry,cross-industry,1235,53-0000,Transportation and Material Moving Occupations,major,4680,1.8,64.04,0.71,,,19.51,40580,0.6,12.48,14.98,17.77,22.76,28.17,25960,31160,36960,47340,58590,,
14020,"Bloomington, IN",4,IN,0,Cross-industry,cross-industry,1235,53-1047,"First-Line Supervisors of Transportation and Material Moving Workers, Except Aircraft Cargo Handling Supervisors",detailed,200,5.1,2.673,0.68,,,28.23,58710,1.4,18.21,21.03,25.04,35.58,37.99,37870,43740,52070,74000,79020,,
14020,"Bloomington, IN",4,IN,0,Cross-industry,cross-industry,1235,53-3031,Driver/Sales Workers,detailed,280,11.5,3.821,1.25,,,14.65,30470,3.3,8.6,9.86,13,18.42,23.51,17880,20510,27030,38320,48890,,
14020,"Bloomington, IN",4,IN,0,Cross-industry,cross-industry,1235,53-3032,Heavy and Tractor-Trailer Truck Drivers,detailed,620,3.8,8.481,0.63,,,26.58,55290,1.3,18.15,21.26,24.27,31.61,38.44,37750,44220,50480,65750,79960,,
14020,"Bloomington, IN",4,IN,0,Cross-industry,cross-industry,1235,53-3033,Light Truck Drivers,detailed,290,7,3.948,0.6,,,22.2,46180,2.4,11.32,14.23,20.81,26.11,42.14,23540,29590,43280,54320,87650,,
14020,"Bloomington, IN",4,IN,0,Cross-industry,cross-industry,1235,53-3051,"Bus Drivers, School",detailed,180,23.9,2.523,1.03,,,18.57,38620,4.4,10.63,14.79,19.49,22.9,23.72,22110,30750,40540,47630,49350,,
14020,"Bloomington, IN",4,IN,0,Cross-industry,cross-industry,1235,53-3053,Shuttle Drivers and Chauffeurs,detailed,150,8.5,2.121,1.57,,,15.33,31880,2.4,11.32,11.52,14.69,17.82,21.53,23540,23960,30540,37060,44770,,
14020,"Bloomington, IN",4,IN,0,Cross-industry,cross-industry,1235,53-6021,Parking Attendants,detailed,40,21.5,0.518,0.67,,,14.34,29840,2.9,10.8,11.57,14.89,16.27,17.24,22450,24070,30960,33850,35870,,
14020,"Bloomington, IN",4,IN,0,Cross-industry,cross-industry,1235,53-6031,Automotive and Watercraft Service Attendants,detailed,40,13.7,0.489,0.8,,,14.7,30570,1.3,13.15,13.83,14.07,16.28,17.22,27350,28760,29270,33850,35820,,
14020,"Bloomington, IN",4,IN,0,Cross-industry,cross-industry,1235,53-7051,Industrial Truck and Tractor Operators,detailed,270,6.3,3.651,0.71,,,21.31,44330,0.9,18.11,18.54,22.8,22.88,22.88,37670,38560,47410,47580,47580,,
14020,"Bloomington, IN",4,IN,0,Cross-industry,cross-industry,1235,53-7061,Cleaners of Vehicles and Equipment,detailed,120,5.2,1.656,0.69,,,16.56,34450,1.5,10.76,14.41,17.37,18.09,20.51,22390,29980,36130,37620,42660,,
14020,"Bloomington, IN",4,IN,0,Cross-industry,cross-industry,1235,53-7062,"Laborers and Freight, Stock, and Material Movers, Hand",detailed,1040,4.1,14.229,0.72,,,17.83,37080,1.2,13.38,15.25,17.25,19.54,22.61,27820,31720,35880,40630,47020,,
14020,"Bloomington, IN",4,IN,0,Cross-industry,cross-industry,1235,53-7064,"Packers and Packagers, Hand",detailed,250,10.7,3.373,0.79,,,18.97,39450,3.2,14.38,14.77,18,23.4,23.4,29910,30710,37440,48680,48680,,
14020,"Bloomington, IN",4,IN,0,Cross-industry,cross-industry,1235,53-7065,Stockers and Order Fillers,detailed,1020,2.2,14.015,0.74,,,16.47,34250,1,12.86,14.64,16.76,17.6,19,26750,30460,34860,36610,39520,,
